Intent,Response
GeneralTravelInquiry,"Welcome to Atlas, your personal trip planning assistant. Ready to explore the world? Let's start by discussing what kind of trip you're dreaming of."
DestinationInfo,"So many incredible destinations await! From the tranquil beaches of Thailand to the historic streets of Rome. What type of destination are you thinking about?"
TravelTips,"Traveling is all about the experience! Whether you're a seasoned traveler or a first-timer, I have plenty of tips to share. What aspect of traveling are you curious about?"
AccommodationOptions,"Comfortable accommodation is key to a great trip. Are you looking for luxury hotels, cozy B&Bs, or unique stays like treehouses? Let me know your preference."
LocalAttractions,"Each place has its own must-see attractions, from historical landmarks to natural wonders. Which type of attractions are you interested in exploring?"
TransportationOptions,"How you travel can define your experience. Are you considering flights, train journeys, road trips, or perhaps cruises? Let's find the best fit for your journey."
WeatherInfo,"Weather can greatly influence your travel experience. Are you looking for a sunny beach getaway, a snowy adventure, or something in between? Let's check the forecast for your destination."
CulturalNorms,"Immersing in local culture enriches your travel. Are you interested in local customs, festivals, or perhaps culinary traditions? I can guide you through the cultural aspects."
SafetyInfo,"Staying safe is paramount. I can provide safety tips, emergency contacts, and travel advisories for your peace of mind. Any specific safety concerns?"
VisaRequirements,"Navigating visa requirements is crucial. Let me know your destination and nationality, and I'll provide you with the necessary visa information."
CurrencyInfo,"Understanding the local currency and exchange rates is important for any trip. Do you need information on currency exchange or using money abroad?"
HealthAdvisories,"Staying healthy while traveling is essential. I can update you on health advisories, vaccination requirements, and medical tips for your destination."
LocalEvents,"Experiencing local events can be the highlight of your trip. Are you interested in festivals, concerts, or sports events? Let's see what's happening at your destination."
ShoppingInfo,"Looking for shopping opportunities? Whether it's high-end boutiques, local markets, or souvenir shops, I can guide you to the best shopping spots."
LanguageInfo,"Communicating in a new place can be a challenge. Need tips on the local language, useful phrases, or translation help? I've got you covered."
BudgetPlanning,"Planning your trip within a budget? I can help you find cost-effective options and give you tips to maximize your travel budget. What's your budget range?"
ItineraryPlanning,"Ready to plan your perfect itinerary? From day one to your journey's end, I can help map out your entire trip. Let's start planning your adventure."
TravelInsuranceInfo,"Considering travel insurance is a wise decision. I can provide information on different insurance options to ensure you're well-prepared for your travels."
DiningAndCuisine,"Exploring local cuisine is a journey in itself. Interested in fine dining, street food, or specific dietary options? I can recommend the best places to eat and dishes to try."
UnhandledQuery,"I'm here to help with all your travel needs, but I might need a bit more detail. Could you please clarify or ask something else?"
